ID,Title,Publication Year,Journal Type,Statistical Analysis Type,Study Design,Country,Country Code,Geographic Region,Region Code,Country Sex Proportions,Data Collection Time Period,Age,Population,Gender Proportion,Sex_Proportion,Aggregate Gender_Sex_Proportion,Gender/Sex excluded,Total (n),Geographical characteristics reported,Proportion Rural Compared to Urban,Data type,Mental Health Measures Code 1,Mental Health Measures Code 2,Difference of Groups Analysis Outcomes,Mixed Outcomes for Difference of Groups Analysis,Regression or Correlation Analysis Outcomes,Mixed Outcomes for Regression or Correlation Analysis,Aggregate outcomes,non-significant results,QAM 1: Research Questions Clear,QAM 2: Appropriate Data,QAM 3: Participants Representative ,QAM 4: Measurements/Data Analysis Appropriate,QAM 5: Outcome Data Complete,QAM 6: Confounders/ Covariates/Controls Included
1,"Effect of COVID-19-Related Home Confinement on Sleep Quality, Screen Time and Physical Activity in Tunisian Boys and Girls: A Survey.",2,2,1,1,Tunisia,49,Middle East and North Africa,5,1,1,1,2,2,,1,,100,0,,1,1,,1,,0,,1,,1,1,1,1,1,2
2,Life With Corona: Increased Gender Differences in Aggression and Depression Symptoms Due to the COVID-19 Pandemic Burden in Germany,2,1,1,1,Germany,14,Europe and Central Asia,3,1,5,3,1,,1,2,1,10979,1,47,1,"2,3,4",,2,Women: anxiety & depression; men: aggression,0,,2,,1,1,2,1,1,1
3,Gender-based disparities on health indices during COVID-19 crisis: a nationwide cross-sectional study in Jordan.,2,1,3,1,Jordan,24,Middle East and North Africa,5,1,1,3,1,2,,1,,1300,0,,1,4,3,1,,1,,1,No difference for loneliness,1,1,1,1,1,1
4,Prevalence and Correlates of Likely Major Depressive Disorder among the Adult Population in Ghana during the COVID-19 Pandemic,2,2,3,1,Ghana,15,Sub-Saharan Africa,5,1,5,5,1,,2,2,,684,0,,1,4,,1,,3,,1,,1,1,1,1,1,1
5,"Depression, Anxiety, and Alcohol Use Among LGBTQ plus People During the COVID-19 Pandemic",2,1,3,1,USA,53,North America,4,2,1,6,1,4,,1,,3242,1,0,1,"3,4,2",,4,,4,,4,,1,1,3,1,2,2
6,"The Impact of COVID-19 Pandemic on University Faculty, Staff, and Students and Coping Strategies Used During the Lockdown in the United Arab Emirates",2,1,1,1,UAE,51,Middle East and North Africa,5,3,1,6,3,,1,2,,737,1,0,1,"7,6",,1,,0,,1,,1,1,2,1,1,2
7,"Immediate impact of stay-at-home orders to control COVID-19 transmission on mental well-being in Bangladeshi adults: Patterns, Explanations, and future directions.",1,1,1,1,Bangladesh,5,South Asia,6,1,1,6,1,,5,2,,1404,1,20,1,5,,1,,0,,1,,1,1,2,1,1,1
8,The Psychological Impact of COVID-19 Pandemic on the population of Bahrain.,1,1,1,1,Bahrain,4,Middle East and North Africa,5,3,1,6,1,,1,2,,1115,0,,1,"3,4,6",,1,,0,,1,,1,1,2,1,2,2
9,Gender Differences in COVID-19 Lockdown Impact on Mental Health of Undergraduate Students.,2,1,1,1,Italy,22,Europe and Central Asia,3,1,1,6,3,,2,2,,8177,0,,1,"1,3,4, 7",,1,,0,,1,,1,1,1,1,1,2
10,Gender differences in the impact of COVID-19 pandemic on socio-economic and psychological wellbeing of students in Russia,2,1,1,1,Russia,38,Europe and Central Asia,3,1,1,6,3,,,,,2738,0,,1,4,,,,0,,,,1,1,3,1,2,2
11,Effects of Physical Activity and Mindfulness on Resilience and Depression During the First Wave of COVID-19 Pandemic.,2,1,1,2,Switzerland,46,Europe and Central Asia,3,1,1,6,5,1,,1,,280,0,,1,"4,6",,1,,0,,1,,1,1,2,1,1,2
12,Change in Physical Activity During the Coronavirus Disease 2019 Lockdown in Norway: The Buffering Effect of Resilience on Mental Health.,1,1,1,1,Norway,31,Europe and Central Asia,3,1,1,5,5,,5,2,1,1314,0,,1,"3,4,6",,1,,0,,1,No difference for depression,1,1,1,1,1,2
13,Bereavement in Pakistan during the COVID-19 pandemic: Psychometric analysis of the Pandemic Grief Scale-Urdu Version (PGS-UV).,3,1,1,1,Pakistan,32,South Asia,6,1,2,6,6,2,,1,,272,0,,1,2,,3,,0,,3,,1,1,1,1,2,2
14,How Does Psychological Distress Due to the COVID-19 Pandemic Impact on Internet Addiction and Instagram Addiction in Emerging Adults?,2,2,1,1,Italy,22,Europe and Central Asia,3,1,5,3,3,,1,2,,400,0,,1,"6,7",,2,"Women worse coping, men worse internet addiction",0,,2,No difference for instagram addiction,1,1,2,1,1,2
15,New Insights on the Mediating Role of Emotional Intelligence and Social Support on University Students' Mental Health during COVID-19 Pandemic: Gender Matters.,2,2,1,1,Portugal,35,Europe and Central Asia,3,1,2,3,3,,1,2,,923,0,,1,"3,4",,1,,0,,1,,1,1,2,1,2,2
16,Gender Differences in Psychological Stress Factors of Physical Therapy Degree Students in the COVID-19 Pandemic: A Cross-Sectional Study.,3,2,1,1,Germany,14,Europe and Central Asia,3,1,2,5,3,,2,2,,151,0,,1,"1,3,4,9,6,5",,2,"Males worse sleep; females worse anxiety, loneliness, stress",0,,2,,1,1,1,1,2,2
17,"Different Responses to Stress, Health Practices, and Self-Care during COVID-19 Lockdown: A Stratified Analysis.",2,2,1,1,"Multi-region (Spain, Chile, Columbia, Ecuador)",,Mixed regions,7,1,1,5,1,,2,2,,1082,0,,1,6,,1,,0,,1,,1,1,1,1,1,1
18,Mental Health Conditions of Italian Healthcare Professionals during the COVID-19 Disease Outbreak,1,1,3,1,Italy,22,Europe and Central Asia,3,1,1,6,7,,1,2,,580,0,,1,"2,6,5",,1,,0,,1,,1,1,2,1,1,1
19,Dietary Changes and Anxiety during the Coronavirus Pandemic: Differences between the Sexes.,2,2,1,1,"Multi-region (Israel, Europe, North America, Canada, Africa, China, Australia etc)",,Mixed regions,7,1,,6,1,1,,1,,3271,0,,1,3,,1,,0,,1,,1,1,2,1,1,1
20,Gender as a moderator between Present-Hedonistic time perspective and depressive symptoms or stress during COVID-19 lock-down.,2,1,1,1,Poland,34,Europe and Central Asia,3,1,,5,1,1,,1,,230,1,27,1,"4,6",,1,,1,,1,,1,1,2,1,2,2
21,Gender Inequality and Mental Health During the COVID-19 Pandemic,2,1,2,1,Chile,8,Latin American and Caribbean,4,1,1,6,1,,2,2,,2545,0,,1,,2,0,,1,,1,,1,1,1,1,1,2
22,"""Making Peace"" with Bodies and Sexual Selves: Changes during COVID-19 among Adults in the United States.",2,2,1,1,USA,53,North America,4,1,,5,1,4,,1,,326,0,,1,10,,3,,0,,3,,1,1,2,2,1,2
23,"COVID-19 and Lockdown, as Lived and Felt by University Students",3,2,1,1,Portugal,35,Europe and Central Asia,3,1,2,5,3,,1,2,,976,0,,1,,2,2,"Females: anxiety, worries & family conflict. Males: online gaming.",0,,2,"Loneliness, substance use, screen use",1,1,2,1,1,2
24,The Fear of COVID-19: Gender Differences among Italian Health Volunteers,3,2,1,1,Italy,22,Europe and Central Asia,3,1,2,5,7,,1,2,,720,0,,1,"3,4,6,5",,1,,0,,1,,1,1,1,1,2,2
25,Well-being during COVID-19 pandemic: A comparison of individuals with minoritized sexual and gender identities and cis-heterosexual individuals,2,2,3,1,Germany,14,Europe and Central Asia,3,2,1,5,1,4,,1,,2332,1,22,1,"4,5",,2,4,4,,4,,1,1,2,2,1,2
26,Trauma and stressor-related disorders among health care workers during COVID-19 pandemic and the role of the gender: A prospective longitudinal survey.,3,1,1,2,Spain,44,Europe and Central Asia,3,1,1,6,7,,1,2,,1432,0,,1,"2,5",,1,,1,,1,,1,1,1,1,1,2
27,The impact of COVID-19 pandemic on the psychological well-being among health care workers: a 6-month cohort longitudinal survey study,4,2,3,2,Spain,44,Europe and Central Asia,3,1,1,6,7,,1,2,,1432,0,,1,"1,3,2",,1,,1,,1,"Anxiety, insomnia, depression, suicidal ideation non-significant in regression",1,1,1,1,1,1
28,Access to Mental Health and Substance Use Resources for 2SLGBTQ+ Youth during the COVID-19 Pandemic.,2,2,1,1,Canada,7,North America,4,2,5,5,1,4,4,3,,1364,0,,1,"4,2,7",3,0,,4,,4,,1,1,1,2,2,2
29,Coping during the COVID-19 pandemic: A mixed methods approach to understand how social factors influence coping ability,3,2,2,1,Canada,7,North America,4,1,5,5,1,4,4,3,,4809,0,,1,,2,0,,1,4,1,,1,1,2,1,1,1
31,"COVID-19 exposure, pandemic-related appraisals, coping strategies, and psychological symptoms among the frontline medical staff and gender differences in coping processes.",3,1,1,1,China,9,China,1,1,1,,7,,1,2,,311,0,,1,6,,1,,0,,1,,1,1,1,1,1,2
32,"State containment measures, living arrangements, and mental health of U.S. older adults during the COVID-19 pandemic.",2,1,1,1,USA,53,North America,4,1,1,4,7,,1,2,,394934,0,,1,"3,4",,1,,0,,1,,1,1,2,1,1,2
33,"U.S. adolescents' attitudes toward school, social connection, media use, and mental health during the COVID-19 pandemic: Differences as a function of gender identity and school context",3,2,1,1,USA,53,North America,4,1,2,1,1,4,,1,,1256,0,,1,"3,4",3,1,4,0,,1,,1,1,2,1,2,1
34,Health risks and outcomes that disproportionately affect women during the Covid-19 pandemic: A review.,1,2,1,1,USA,53,North America,4,1,1,,1,2,,1,,1216,0,,1,,2,1,,0,,1,,2,2,1,2,2,2
35,Spiritual Well-Being and Mental Health During the COVID-19 Pandemic in Italy,2,1,3,1,Italy,22,Europe and Central Asia,3,1,1,5,1,1,,1,,1250,0,,1,5,,1,,,,1,,1,1,2,2,2,1
36,Impact event and orofacial pain amid the COVID-19 pandemic in Brazil: a cross-sectional epidemiological study.,2,1,2,1,Brazil,6,Latin American and Caribbean,4,1,1,5,1,,1,2,2,2301,0,,1,"3,4,6",,0,,1,,1,Stress,1,1,2,1,1,1
37,Relations Between Mood States and Eating Behavior During COVID-19 Pandemic in a Sample of Italian College Students.,2,1,1,1,Italy,22,Europe and Central Asia,3,1,5,6,3,,2,2,,469,0,,1,"2,3,4,10",,2,"Females: binge eating, tiredness, depression, tensio. Males: confusion. ",0,,2,Anger,1,1,1,1,1,2
38,Psychological Responses According to Gender during the Early Stage of COVID-19 in Spain.,2,2,3,1,Spain,44,Europe and Central Asia,3,1,1,5,1,1,,1,1,3520,0,,1,"3,4,6",,2,"Men higher emotional state, women everything else higher",1,,1,,1,1,2,2,2,2
39,Women Suffered More Emotional and Life Distress than Men during the COVID-19 Pandemic: The Role of Pathogen Disgust Sensitivity.,2,2,1,1,China,9,China,1,1,,5,1,,2,2,,1562,0,,1,3,3,1,,1,,1,,1,1,1,2,2,1
40,"Twice a 'housewife': On academic precarity, 'hysterical' women, faculty mental health, and service as gendered care work for the 'university family' in pandemic times",2,2,3,1,USA,53,North America,4,1,1,5,3,1,,1,2,345,0,,1,"3,4",,1,,1,,1,,1,1,2,1,1,1
41,Exercise and Use of Enhancement Drugs at the Time of the COVID-19 Pandemic: A Multicultural Study on Coping Strategies During Self-Isolation and Related Risks.,2,1,1,1,Multi-region,,Mixed regions,7,1,1,5,1,,1,2,,3161,0,,1,10,,2,Males: worse exercise addiction. Females: worse everything else,0,,2,,1,1,2,1,1,1
42,"Post-Lockdown Effects on Students' Mental Health in Romania: Perceived Stress, Missing Daily Social Interactions, and Boredom Proneness.",2,2,1,1,Romania,37,Europe and Central Asia,3,1,1,3,3,,1,2,,722,1,32,1,"3,4",,0,,0,,,,1,1,2,1,2,2
43,The Impact of COVID-19 Pandemic and Lockdown Measures on Quality of Life among Italian General Population.,2,1,1,1,Italy,22,Europe and Central Asia,3,1,1,5,1,1,,1,,2251,0,,1,5,,1,,0,,1,,1,1,2,2,2,2
44,Trauma-Related Distress During the COVID-19 Pandemic In 59 Countries.,3,1,2,1,Multi-region (59 countries),,Mixed regions,7,1,1,5,1,4,,1,,6882,0,,1,6,,0,,4,,4,,1,1,2,2,2,1
45,The gender gap in mental well-being at the onset of the Covid-19 pandemic: Evidence from the UK.,3,2,2,2,UK,52,Europe and Central Asia,3,1,1,5,1,1,,1,,14688,0,,1,9,,0,,1,,1,,1,1,2,1,1,1
46,Gender Differences in Psychological Impact of the Confinement During the COVID-19 Outbreak in Spain: A Longitudinal Study.,2,1,1,2,Spain,44,Europe and Central Asia,3,1,1,5,1,,1,2,,164,0,,1,"3,4,6,5",,1,,0,,1,,1,1,2,1,1,1
47,"Longitudinal study on affect, psychological well-being, depression, mental and physical health, prior to and during the COVID-19 pandemic in Spain.",2,1,1,2,Spain,44,Europe and Central Asia,3,1,1,5,3,1,,1,,647,0,,1,"4,5",,3,,0,,3,,1,1,2,2,1,2
48,Sexual minority disparities in health and well-being as a consequence of the COVID-19 pandemic differ by sexual identity,2,1,3,1,USA,53,North America,4,1,1,,1,1,4,3,,2996,0,,1,"9,6,5",,4,,4,,4,,1,1,1,1,1,1
50,Impact of the COVID-19 Lockdown in Malaysia: An Examination of the Psychological Well-Being of Parent-Child Dyads and Child Behavior in Families With Children on the Autism Spectrum,2,1,1,1,Malaysia,28,East Asia and Pacific,2,1,1,5,6,5,,1,,134,0,,1,"4,6",,3,,0,,3,,1,1,1,1,1,2
51,Gender Differences in Concerns About Participating in Cancer Research During the COVID-19 Pandemic.,2,1,1,1,UK,52,Europe and Central Asia,3,1,1,5,8,,1,2,,93,0,,1,3,,1,,0,,1,,1,1,1,1,1,1
52,Experiences of Work-Family Conflict and Mental Health Symptoms by Gender Among Physician Parents During the COVID-19 Pandemic.,2,1,3,2,USA,53,North America,4,1,1,6,7,,2,2,,215,0,,1,"3,4",,1,,1,,1,,1,1,1,1,1,1
53,"The influence of race, sexual orientation and gender identity on mental health, substance use, and academic persistence during the COVID-19 pandemic: A cross-sectional study from a national sample of college students in the Healthy Minds Study.",3,1,2,1,USA,53,North America,4,1,1,5,3,,4,2,,22876,0,,1,"3,4,7",3,0,,2,Females worse outcomes than males; LGBTQ+ worse outcomes than hetero,2,,1,1,2,1,1,1
54,"The Relationship Between Anxiety Levels, Sleep, and Physical Activity During COVID-19 Lockdown: An Exploratory Study.",2,1,1,1,Portugal,35,Europe and Central Asia,3,1,1,5,1,1,,1,,1332,0,,1,3,,1,,0,,1,,1,1,2,1,1,2
55,The role of Covid-19 outbreak on well-being of healthcare employees of Turkey by considering gender differences,4,1,1,1,Turkey,50,Europe and Central Asia,3,1,1,5,7,1,,1,,680,0,,1,5,,1,,0,,1,,1,1,2,1,1,2
56,Mental Health in Elderly Spanish People in Times of COVID-19 Outbreak.,1,1,1,1,Spain,44,Europe and Central Asia,3,1,1,,1,1,,1,,1639,0,,1,"3,4,6",,3,,0,,3,,1,1,2,1,1,2
57,Gender differences in emotional response to the COVID-19 outbreak in Spain.,2,1,1,1,Spain,44,Europe and Central Asia,3,1,1,5,1,1,,1,,1635,0,,1,"3,4,6",,1,,0,,1,,1,1,2,1,1,2
58,What about mental health after one year of COVID-19 pandemic? A comparison with the initial peak,3,1,1,1,Spain,44,Europe and Central Asia,3,1,2,,1,1,,1,,1182,0,,1,"3,4,6",,1,,0,,1,,1,1,2,1,1,2
59,"Stress, coping, resilience, and sleep during the COVID-19 pandemic: A representative survey study of US adults",2,1,3,1,USA,53,North America,4,1,1,5,1,1,,1,,393,0,,1,6,3,1,,1,,1,,1,1,1,1,1,2
60,Self-reported psychological distress during the COVID-19 outbreak in Nepal: findings from an online survey,1,1,2,1,Nepal,29,South Asia,6,1,1,5,1,,5,2,,2014,1,100,1,,2,0,,1,,1,,1,1,2,1,1,1
61,Health and well-being of university students before and during COVID-19 pandemic: A gender comparison.,2,2,1,1,Iceland,19,Europe and Central Asia,3,1,2,3,3,,2,2,,115,0,,1,,2,0,,0,,,,1,1,1,1,1,2
62,Gender Differences in the Impact of COVID-19 Pandemic on Mental Health of Italian Academic Workers.,3,1,3,1,Italy,22,Europe and Central Asia,3,1,1,5,3,,2,2,,896,0,,1,,2,1,,,,1,"Anxiety, concern",1,1,1,1,2,2
63,A Comparative Cross-Sectional Study of the Consequences of the COVID-19 Lockdown on Women's Health Behaviors in Spain.,3,2,1,1,Spain,44,Europe and Central Asia,3,1,1,5,1,1,,1,,2834,0,,1,,2,1,,0,,1,,1,1,2,1,1,2
64,Effects of parenthood and gender on well-being and work productivity among Canadian academic research faculty amidst the COVID-19 pandemic,3,1,1,1,Canada,7,North America,4,1,1,,3,1,,1,,899,1,,1,,2,1,,0,,1,Quality of life,1,1,2,1,1,2
65,"Across the COVID-19 Waves; Assessing Temporal Fluctuations in Perceived Stress, Post-Traumatic Symptoms, Worry, Anxiety and Civic Moral Disengagement over One Year of Pandemic.",2,2,1,1,Italy,22,Europe and Central Asia,3,1,5,5,1,1,,1,,240,0,,1,6,,1,,0,,1,,1,1,2,1,1,2
66,The Influence of the COVID-19 Pandemic on Mental Well-Being and Psychological Distress: Impact Upon a Single Country,1,1,1,1,UK,52,Europe and Central Asia,3,1,1,5,1,,1,2,,11922,0,,1,"6,5",,1,,0,,1,,1,1,2,1,1,1
67,"Sleep Quality, Empathy, and Mood During the Isolation Period of the COVID-19 Pandemic in the Canadian Population: Females and Women Suffered the Most.",1,1,1,1,Canada,7,North America,4,1,1,6,1,1,1,3,,638,0,,1,"1,3",,1,,0,,1,,1,1,2,1,1,2
68,Coping styles and mental health in response to societal changes during the COVID-19 pandemic.,2,1,2,1,Australia,2,East Asia and Pacific,2,1,1,5,1,,1,2,,1495,0,,1,"3,4,6",,0,,1,,1,,1,1,2,1,2,2
69,Understanding Mental Burden and Factors Associated With Study Worries Among Undergraduate Medical Students During the COVID-19 Pandemic.,2,1,3,1,Germany,14,Europe and Central Asia,3,1,1,3,3,,1,2,,887,0,,1,"3,4,6",,5,,5,,5,,1,1,2,2,1,2
70,"Coping with Stress During the Second Wave of the COVID-19 Pandemic by Polish University Students: Strategies, Structure, and Relation to Psychological Well-Being.",3,1,3,1,Poland,34,Europe and Central Asia,3,1,1,6,3,1,,1,,1330,0,,1,"6,5,7",,5,,1,,5,,1,1,1,1,1,2
71,The Association Between Men's Mental Health During COVID-19 and Deterioration in Economic Status.,3,1,1,1,Israel,21,Middle East and North Africa,5,1,,5,1,,1,2,,1807,0,,1,"4,6,10",,1,,0,,1,,1,1,1,1,1,2
72,Adolescent well-being amid the COVID-19 pandemic: Are girls struggling more than boys?,2,1,2,1,Iceland,19,Europe and Central Asia,3,1,5,2,9,2,,1,2,523,0,,1,"2,4",,0,,1,,1,"Anger, suicidality",1,1,1,1,2,2
73,Lifestyle and Psychological Factors Affecting Eating Habits and Physical Activity Among Government Servants in the States With the Highest Cumulative Cases in Malaysia During the COVID-19 Pandemic.,3,1,1,1,Malaysia,28,East Asia and Pacific,2,1,2,5,2,1,,1,,210,1,,1,10,3,3,,0,,3,,1,1,2,1,1,2
74,"Psychological distress across intersections of race/ethnicity, gender, and marital status during the COVID-19 pandemic",3,2,3,1,USA,53,North America,4,1,1,5,1,1,,1,,9976,0,,1,,2,1,,1,,1,,1,1,1,1,1,1
75,Differences in self-perception of productivity and mental health among the STEMM-field scientists during the COVID-19 pandemic by sex and status as a parent: A survey in six languages,3,2,2,1,"Multi-region (Europe, North America, Asia)",,Mixed regions,7,1,2,5,3,,5,2,1,4494,0,,1,4,,0,,1,,1,"Depression, anxiety",1,1,2,1,1,2
76,Gender Differences in Depressive and Anxiety Symptoms During the First Stage of the COVID-19 Pandemic: A Cross-Sectional Study in Latin America and the Caribbean.,3,1,3,1,Multi-region (Latin America and Caribbean countries),,Latin American and Caribbean,4,1,1,5,1,4,,1,,1338320,1,7,1,6,,0,,2,,2,,1,1,1,1,1,1
77,COVID-19 and gender differences in mental health in low- and middle-income countries: Young working women are more vulnerable.,2,1,2,1,"Multi-region (Ethiopia, India, Peru & Vietnam)",,Mixed regions,7,1,1,5,1,,,,,10818,0,,1,"3,4",,0,,1,,1,,1,1,3,1,2,1
78,Gender differences of depression and anxiety among social media users during the COVID-19 outbreak in China:a cross-sectional study.,1,1,3,1,China,9,China,1,1,1,5,1,,1,2,,3063,0,,1,"3,4,6",,1,,0,,1,Depression ,1,1,2,1,1,1
79,"""Constant Stress Has Become the New Normal"": Stress and Anxiety Inequalities Among U.S. College Students in the Time of COVID-19.",2,1,3,1,USA,53,North America,4,1,1,3,3,4,4,3,,543,0,,1,"3,6",,2,,2,,2,,1,1,2,1,2,2
80,Early Mental Health and Quality of Life in Discharged Patients With COVID-19.,2,1,1,3,China,9,China,1,1,1,4,8,,1,2,,90,0,,1,,2,1,,0,,1,,1,1,2,1,1,2
81,Gender Differences in Psychological and Behavioral Responses of Infected and Uninfected Health-Care Workers During the Early COVID-19 Outbreak.,2,1,1,1,China,9,China,1,1,1,6,7,,1,2,,638,0,,1,,2,1,,1,,1,Depression,1,1,2,2,2,1
82,"The impact of gender differences, school adjustment, social interactions, and social activities on emotional and behavioral reactions to the COVID-19 pandemic among Japanese school children.",3,1,1,2,Japan,23,East Asia and Pacific,2,1,1,3,2,1,,1,,522,0,,1,5,3,5,,0,,5,,1,1,2,1,1,2
83,Severe Social Anxiety Among Adolescents During COVID-19 Lockdown,2,1,1,1,Lebanon,27,Middle East and North Africa,5,1,1,2,8,,1,2,,178,0,,1,3,,3,,0,,3,,1,1,2,1,1,2
84,Social conditions and mental health during COVID-19 lockdown among people who do not identify with the man/woman binomial in Spain,2,2,3,1,Spain,44,Europe and Central Asia,3,1,1,6,1,4,,1,,7000,0,,1,"3,4",,4,,4,,4,,1,1,1,1,1,2
85,Emotional Reactions and Adaptation to COVID-19 Lockdown (or Confinement) by Spanish Competitive Athletes: Some Lesson for the Future.,2,1,1,1,Spain,44,Europe and Central Asia,3,1,1,6,5,,2,2,,1248,0,,1,6,,1,,0,,1,,1,1,1,1,1,2
86,The examination of sleep quality for frontline healthcare workers during the outbreak of COVID-19.,2,1,2,1,Bahrain,4,Middle East and North Africa,5,3,1,6,7,,1,2,,257,0,,1,"1,6",,0,,1,,1,,1,1,2,1,1,2
87,Gender differences in the association of psychological distress and sexual compulsivity before and during the COVID-19 pandemic,3,1,2,2,Germany,14,Europe and Central Asia,3,1,1,6,1,,1,2,1,399,0,,1,"3,4",,0,,3,,3,,1,1,2,1,1,2
88,Traditional Gender Differences Create Gaps in the Effect of COVID-19 on Psychological Distress of Japanese Workers,2,2,2,1,Japan,23,East Asia and Pacific,2,1,1,6,6,5,,1,1,3464,0,,1,6,3,0,,1,,1,,1,1,2,1,1,2
89,Psychosocial Impacts of the COVID-19 Quarantine: A Study of Gender Differences in 59 Countries.,2,1,1,1,"Multi-region (59 countries, 59.72% Latin America & Caribbean, 24.14% Europe and Central Asia)",,Mixed regions,7,1,1,6,1,1,,1,2,6882,0,,1,"3,4,6",,1,,0,,1,Sleep,1,1,2,1,1,2
90,Sexual and Gender Minority Young Adult Coping Disparities During the COVID-19 Pandemic.,2,1,3,2,USA,53,North America,4,1,1,3,9,1,4,2,,2298,0,,1,,2,2,,0,,2,,1,1,1,1,1,1
91,The Mediating Role of Orthorexia in the Relationship between Physical Activity and Fear of COVID-19 among University Students in Poland.,2,1,1,1,Poland,34,Europe and Central Asia,3,1,1,3,3,2,,1,,473,1,49,1,"3,10",3,1,,0,,1,,1,1,1,1,1,2
92,"Association between perceived stress, coping profile and fear during the COVID-19 pandemic among male and female police students",3,1,1,1,Serbia,40,Europe and Central Asia,3,1,1,3,3,,2,2,,340,0,,1,"3,6",,1,,0,,1,,1,1,2,1,1,2
93,Gender-Based Analysis of the Psychological Impact of the COVID-19 Pandemic on Healthcare Workers in Spain.,2,1,3,1,Spain,44,Europe and Central Asia,3,1,1,6,7,1,,1,,667,0,,1,"4,6",,1,,1,,1,,1,1,2,1,1,1
94,Gender differences in the reaction to COVID-19.,2,2,3,1,Israel,21,Middle East and North Africa,5,1,1,5,1,1,,1,,1065,0,,1,"3,4,6",,1,,1,,1,,1,1,2,1,1,2
95,The Effect of Personality Traits on the Quality of Life of Health Professionals in COVID-19 Reference Hospital.,2,1,1,1,Greece,16,Europe and Central Asia,3,1,2,5,7,1,,1,,400,0,,1,6,,1,,0,,1,,1,1,2,1,2,2
96,Stress appraisal as a mediator between the sense of coherence and the frequency of stress coping strategies in women and men during COVID-19 lockdown.,3,1,1,1,Poland,34,Europe and Central Asia,3,1,1,5,1,1,,1,,326,0,,1,5,,1,,0,,1,,1,1,2,1,1,2
97,Gender Differences in Mental Health Disorder and Substance Abuse of Chinese International College Students During the COVID-19 Pandemic.,2,1,1,1,China,9,China,1,1,5,5,3,,2,2,,1010,0,,1,"3,4",3,2,Females: suicidal ideation. Males: higher drug.substance use. ,0,,2,,1,1,1,1,1,2
98,COVID-19 Experiences and Health-Related Implications: Results From a Mixed-Method Longitudinal Study of Urban Poor Adolescents in Shanghai,3,1,1,2,China,9,China,1,1,1,1,2,2,,1,,621,0,,1,3,3,1,,0,,1,,1,1,1,1,1,1
99,"Gender Differences in Anxiety, Depression, and Nursing Needs Among Isolated Coronavirus Disease 2019 Patients.",2,1,3,1,China,9,China,1,1,1,4,8,,5,2,,216,0,,1,"3,4",,3,,3,,3,,1,1,2,1,2,2
100,"Stress, Emotional Intelligence and the Intention to Use Cannabis in Spanish Adolescents: Influence of COVID-19 Confinement.",1,1,1,1,Spain,44,Europe and Central Asia,2,1,1,2,2,,1,2,,300,0,,1,"3,7,6,5",,2,Women: emotional measures. Men: behavioural measures. ,0,,2,Cannabis use,1,1,2,1,1,2
101,"Anxiety, depression, and stress: Can mental health variables predict panic buying?",2,1,1,1,Brazil,6,Latin American and Caribbean,4,1,1,5,1,1,,1,,2297,0,,1,"3,4,6",,1,,0,,1,,1,1,2,1,1,2
102,Prevalence and predictors of PTSS during COVID-19 outbreak in China hardest-hit areas: Gender differences matter.,1,1,3,1,China,9,China,1,1,1,5,1,,2,2,,285,0,,1,"1,6",,1,,1,,1,,1,1,1,1,1,2
103,Gender differences in mental health problems of healthcare workers during the coronavirus disease 2019 outbreak.,2,1,3,1,China,9,China,1,1,1,5,7,,1,2,,1563,0,,1,"1,3,4,6",,1,,1,,1,,1,1,2,1,1,1
104,The acute and persisting impact of COVID-19 on trajectories of adolescent depression: Sex differences and social connectedness.,3,1,1,2,USA,53,North America,4,1,1,5,9,2,,1,,175,0,,1,"4,9",,1,,0,,1,Loneliness,1,1,1,1,1,2
105,Mental health of US undergraduate and graduate students before and during the COVID-19 pandemic: Differences across sociodemographic groups.,3,1,1,1,USA,53,North America,4,1,1,3,3,,4,2,1,2067,0,,1,,3,1,,0,,1,,1,1,2,1,1,2
106,Correspondence on gender disparities in the initial psychological impact of the US COVID-19 pandemic,1,1,3,1,USA,53,North America,4,1,1,5,1,,5,2,2,482,0,,1,"3,4",3,1,,1,,1,Depression,1,1,2,1,2,1
107,Psychological impact during COVID-19 lockdown in children and adolescents with previous mental health disorders.,2,1,1,1,Spain,44,Europe and Central Asia,3,1,1,1,9,,5,2,,441,0,,1,6,3,1,,0,,1,,1,1,3,1,2,1
108,Psychological States and Training Habits during the COVID-19 Pandemic Lockdown in Spanish Basketball Athletes.,2,2,1,1,Spain,44,Europe and Central Asia,3,1,1,6,5,5,,1,,169,0,,1,"1,2,3,4,6",,1,,0,,1,,1,1,1,1,1,2
109,"Economic stress, parenting, and adolescents’ adjustment during the COVID‐19 pandemic",3,1,1,1,USA,53,North America,4,1,1,2,6,2,,1,,272,0,,1,"2,3,4,9,6",,5,,0,,5,,1,1,1,1,2,2
110,Are Women Less Psychologically Resilient Than Men? Background Stressors Underlying Gender Differences in Reports of Stress-Related Psychological Sequelae.,2,1,1,1,USA,53,North America,4,1,1,5,7,1,,1,1,3352,0,,1,"3,4,6",,3,,0,,3,,1,1,3,1,1,1
111,Mental Health of Medical and Non-Medical Professionals during the Peak of the COVID-19 Pandemic: A Cross-Sectional Nationwide Study.,1,1,2,1,Poland,34,Europe and Central Asia,3,1,1,6,7,1,,1,,2039,0,,1,6,,0,,1,,1,,1,1,2,1,1,2
112,Prevalence and Associated Factors of PTSD Symptoms After the COVID-19 Epidemic Outbreak in an Online Survey in China: The Age and Gender Differences Matter.,3,1,1,1,China,9,China,1,1,1,6,1,1,,1,,3705,0,,1,6,,1,,0,,1,,1,1,2,1,1,2
113,A Cross-Sectional Study Investigating Canadian and Australian Adolescents' Perceived Experiences of COVID-19: Gender Differences and Mental Health Implications.,3,2,1,1,Multi-region (Australia & Canada),,East Asia and Pacific,2,1,1,2,2,,1,2,,1326,0,,1,"3,4,6",,1,,0,,1,,1,1,2,1,1,2
114,Gender difference in working from home and psychological distress - A national survey of U.S. employees during the COVID-19 pandemic,3,2,1,1,USA,53,North America,4,1,1,6,9,2,,1,,1585,0,,1,6,,1,,0,,1,,1,1,1,1,1,2
115,Gender differences in mental distress and affect balance during the first wave of COVID-19 pandemic in Spain,4,1,1,3,Spain,44,Europe and Central Asia,3,1,1,5,1,2,,1,,1304,0,,1,6,,1,,0,,1,,1,1,1,1,1,2
116,Healthcare workers' perception of gender and work roles during the COVID-19 pandemic: a mixed-methods study.,2,1,1,1,Canada,7,North America,4,1,1,5,7,1,,1,2,2058,1,17,1,3,,1,,0,,1,,1,1,2,1,1,2
117,Have girls been left behind during the COVID-19 pandemic? Gender differences in pandemic effects on children's mental wellbeing.,3,2,3,2,UK,52,Europe and Central Asia,3,1,1,2,9,,1,2,,21269,0,,2,,2,1,,1,,1,,1,1,1,1,1,1
118,COVID-19 impacts on drinking and mental health in emerging adults: Longitudinal changes and moderation by economic disruption and sex.,2,1,3,2,Canada,7,North America,4,1,1,3,9,,4,2,,473,0,,1,"3,4,7,6",,1,,1,,1,Disruption to daily life; alcohol consumption,1,1,2,1,2,1
119,Impact of the COVID-19 Pandemic on Perceptions of Health and Well-Being Among Sexual and Gender Minority Adolescents and Emerging Adults.,3,1,1,1,USA,53,North America,4,1,1,5,9,4,,1,,990,0,,1,,2,2,,0,,2,,1,1,1,1,1,2
120,Emotional Reactivity and Emotion Regulation Among Young Adults During COVID-19 Lockdown: The Moderating Role of Gender and Engagement in Sports.,2,1,1,1,Serbia,40,Europe and Central Asia,3,1,1,6,1,,1,2,,315,0,,1,6,,1,,0,,1,,1,1,2,1,1,2
121,The COVID-19 Inventory: Measuring anxiety related to illness pandemic across college males and females.,2,1,1,1,USA,53,North America,4,1,1,5,3,,1,2,,215,0,,1,3,3,3,,3,,3,,1,1,2,1,2,2
122,The Impact of Covid-19 and the Effect of Psychological Factors on Training Conditions of Handball Players.,1,2,1,1,Spain,44,Europe and Central Asia,3,1,1,3,5,5,,1,,187,0,,1,"6,5",,1,,0,,1,,1,1,1,2,2,2
123,How has COVID-19 modified training and mood in professional and non-professional football players?,1,1,1,1,Spain,44,Europe and Central Asia,3,1,1,3,5,5,,1,,175,0,,1,6,,1,,0,,1,,1,1,1,2,2,2
124,"College Student-athletes' COVID-19 Worry and Psychological Distress Differed by Gender, Race, and Exposure to COVID-19-related Events.",3,1,2,1,USA,53,North America,4,1,1,3,5,1,,1,2,5915,0,,1,6,,3,,0,,3,,1,1,1,2,2,2
125,Mental health emergencies and COVID-19: the impact of 'lockdown' in the East Midlands of the UK,2,1,2,3,UK,52,Europe and Central Asia,3,1,1,6,8,4,,1,,30772,0,,3,6,,0,,5,,5,,1,1,1,1,1,2
126,"Disproportionate Impact of the COVID-19 Pandemic on Perceived Social Support, Mental Health and Somatic Symptoms in Sexual and Gender Minority Populations.",2,2,1,1,USA,53,North America,4,1,1,6,1,4,,1,,1380,0,,1,"3,6",,4,,0,,4,,1,1,2,1,1,2
127,The psychological and clinical impact of the COVID-19 pandemic on orthopaedic patients: An Italian gender-specific analysis.,2,1,1,3,Italy,22,Europe and Central Asia,3,1,1,5,8,,2,2,,782,0,,1,6,,3,,0,,3,,1,1,1,1,1,2
128,Surveying the experience of postdocs in the United States before and during the COVID-19 pandemic,3,2,2,4,USA,53,North America,4,1,1,6,3,,4,2,,1722,0,,1,,3,0,,2,,2,,1,1,2,2,2,2
129,Generalized anxiety disorder among Bangladeshi university students during COVID-19 pandemic: gender specific findings from a cross-sectional study.,3,1,3,1,Bangladesh,5,South Asia,6,1,1,3,3,,2,2,,605,1,14,1,3,,1,,1,,1,,1,1,2,1,1,2
130,Impact of COVID-19 Pandemic Lockdown on Mental Well-Being of Norwegian Adolescents During the First Wave-Socioeconomic Position and Gender Differences.,2,1,2,1,Norway,31,Europe and Central Asia,3,1,1,,9,2,,1,,4083,0,,1,"9,6",,0,,1,,1,,1,1,1,1,2,1
131,Acute mental health responses during the COVID-19 pandemic in Australia.,1,2,2,1,Australia,2,East Asia and Pacific,2,1,1,5,1,,4,2,,5071,0,,1,"3,4,7",3,0,,2,Males: depression. Females: anxiety. Non-binary: stress.,2,,1,1,2,1,2,2
132,Sex differences in the experience of COVID-19 post-traumatic stress symptoms by adults in South Africa.,3,1,3,1,South Africa,43,Sub-Saharan Africa,5,1,1,6,1,,1,2,,489,0,,1,6,,1,,1,,1,,1,1,2,1,1,1
133,"Mental well-being, social support, and the unique experiences of transgender and nonbinary people during the COVID-19 pandemic.",3,1,1,1,"Multi-region (Canada, USA, UK, Othe)",,Mixed regions,7,1,1,6,1,4,,1,,1724,0,,1,4,,4,,0,,4,,1,1,2,1,1,2
135,"Impact of Covid-19 on the Mental Health of Delta State University students, Nigeria.",2,1,1,1,Nigeria,30,Sub-Saharan Africa,5,1,1,3,3,,2,2,,259,0,,1,"3,4",,3,,0,,3,,1,1,1,1,1,2
136,"Gender differences in the impact on physical activity and lifestyle in Italy during the lockdown, due to the COVID-19 pandemic.",2,1,3,1,Italy,22,Europe and Central Asia,3,1,1,5,1,1,,1,,2218,1,17,1,6,,1,,1,,1,,1,1,2,1,2,1
138,COVID-19-Related Stigma and Mental Health of Children and Adolescents During Pandemic.,3,1,1,1,Turkey,50,Europe and Central Asia,3,1,1,5,2,,2,2,,71,0,,3,"3,4",,1,,0,,1,Depression,1,1,1,1,1,2
139,Depression deterioration of older adults during the first wave of the COVID-19 outbreak in Europe.,3,2,2,1,Multi-region (17 EU countries),,Europe and Central Asia,3,1,1,4,9,,1,2,,37475,0,,1,4,,0,,1,,1,,1,1,2,1,1,1
140,A Study on the Psychological Wound of COVID-19 in University Students,2,1,1,1,Spain,44,Europe and Central Asia,3,1,1,3,3,1,,1,,932,0,,1,"2,3,4,6",,1,,0,,1,,1,1,2,1,1,2
141,"Marital Status and Gender Differences as Key Determinants of COVID-19 Impact on Wellbeing, Job Satisfaction and Resilience in Health Care Workers and Staff Working in Academia in the UK During the First Wave of the Pandemic",3,1,1,1,UK,52,Europe and Central Asia,3,1,1,6,3,,1,2,1,365,1,12,1,6,,1,,0,,1,,1,1,2,1,1,2
142,"Impact of the COVID-19 pandemic on change in sleep patterns in an exploratory, cross-sectional online sample of 79 countries.",2,1,2,1,Multi-region (USA + 'other' countries from many continents),,Mixed regions,7,1,1,5,1,1,,1,,991,0,,1,"1,4",,0,,1,,1,,1,1,2,1,1,1
143,"Gender differences in stress, resilience, and physical activity during the COVID-19 pandemic.",3,1,1,1,USA,53,North America,4,1,1,5,3,,1,2,,300,0,,1,6,,1,,0,,1,,1,1,2,1,1,2
144,"'The effect of age, gender, income, work, and physical activity on mental health during coronavirus disease (COVID-19) lockdown in Austria': Corrigendum",1,1,1,1,Austria,3,Europe and Central Asia,3,1,1,5,1,2,,1,,1005,0,,1,"1,3,4,6,5",,1,,0,,1,,1,1,1,1,1,2
145,"Gender specific differences in COVID-19 knowledge, behavior and health effects among adolescents and young adults in Uttar Pradesh and Bihar, India.",1,2,2,1,India,20,South Asia,6,1,1,3,9,1,,1,,1666,1,53,1,,2,0,,1,,1,,1,1,2,1,1,1
146,Sleep quality in times of Covid-19 pandemic,1,1,2,1,Portugal,35,Europe and Central Asia,3,1,1,4,8,,2,2,,365,0,,1,1,,0,,1,,1,,1,1,1,1,2,2
147,Coping With the COVID-19 Pandemic: Examining Gender Differences in Stress and Mental Health Among University Students.,2,1,1,1,Canada,7,North America,4,1,1,5,3,,4,2,2,366,0,,1,,2,1,,0,,1,Substance use,1,1,2,1,1,2
148,"Time from COVID-19 shutdown, gender-based violence exposure, and mental health outcomes among a state representative sample of California residents.",1,1,3,1,USA,53,North America,4,1,1,5,9,1,,1,2,2081,0,,1,"4,6",,1,,1,,1,,1,1,1,1,1,1
149,Psychological Impact of the Lockdown in Italy Due to the COVID-19 Outbreak: Are There Gender Differences?,2,1,1,1,Italy,22,Europe and Central Asia,3,1,1,5,1,1,,1,,721,0,,1,"9,6",,1,,0,,1,"Happiness, general wellbeing",1,1,2,1,1,2
150,Age-Related Differences in Psychological Distress during the COVID-19 Pandemic,3,2,1,1,Italy,22,Europe and Central Asia,3,1,2,5,2,,1,2,,1064,0,,1,,2,1,,0,,1,,1,1,2,1,1,2
151,Effect of COVID-19 pandemic on mental health among Bangladeshi healthcare professionals: A cross-sectional study.,2,2,3,1,Bangladesh,5,South Asia,6,1,1,6,7,,5,2,,355,1,24,1,"1,3,4,9",,1,,1,,1,"Loneliness, depression",1,1,1,1,1,1
152,Gender Differences in Mental Health Symptoms Among Canadian Older Adults During the COVID-19 Pandemic: a Cross-Sectional Survey.,3,1,2,1,Canada,7,North America,4,1,1,4,1,1,,1,,1541,0,,1,"3,4,9",,0,,1,,1,,1,1,2,1,1,1
153,"Gender Differences in the COVID-19 Pandemic Risk Perception, Psychology, and Behaviors of Spanish University Students.",2,2,1,1,Spain,44,Europe and Central Asia,3,1,1,5,3,,,,,300,0,,1,"3,4,9",,3,,0,,3,,1,1,3,1,2,2
154,Inequities Laid Bare: The Mental Health of Young Adults in Rhode Island During the COVID-19 Pandemic.,2,1,2,1,USA,53,North America,4,1,1,3,9,4,4,3,,528,0,,1,"3,4",,0,,4,,4,,1,1,2,1,2,1
155,Crisis Response and Suicidal Patterns in U.S. Youth Before and During COVID-19: A Latent Class Analysis.,3,1,2,1,USA,53,North America,4,1,1,5,1,4,2,3,,179497,0,,1,,2,0,,2,"Females: depression, isolation, suicide. Non-conforming: stress, mood, anxiety, suicidal ideation, depression. Other gender: depression, isolation, self-harm, stress, mood anxiety, suicidal ideation.",2,,1,1,2,1,1,1
156,"Evidence of Social and Structural COVID-19 Disparities by Sexual Orientation, Gender Identity, and Race/Ethnicity in an Urban Environment.",2,2,1,1,USA,53,North America,4,1,1,5,1,4,4,3,,206,0,,1,,2,4,,0,,4,,1,1,3,1,1,1
158,Gender and Psychosocial Differences in Psychological Resilience among a Community of Older Adults during the COVID-19 Pandemic,3,1,3,1,Itay,22,Europe and Central Asia,3,1,1,4,1,,1,2,,108,0,,1,"4,6",,1,,3,,1,,1,1,2,1,2,1
159,Sex differences in activity and health changes following COVID-19 in Europe-results from the SHARE COVID-19 survey.,2,1,2,1,Multi-region (Europe),,Europe and Central Asia,3,1,1,4,9,1,,1,,50534,0,,1,,2,0,,1,,1,,1,1,1,1,2,2
160,"COVID-19 Distress Impacts Adolescents' Depressive Symptoms, NSSI, and Suicide Risk in the Rural, Northeast US.",3,1,1,4,USA,53,North America,4,1,1,2,2,,4,2,2,362,1,100,1,4,,2,"Females worse than males, LGBTQ+ worse than hetero/cis",0,,2,,1,1,2,1,1,2
161,"Food insecurity, depressive symptoms, and the salience of gendered family roles during the COVID-19 pandemic in South Africa",3,2,1,2,South Africa,43,Sub-Saharan Africa,5,1,5,,9,1,,1,,3456,0,,1,"3,4,6",,5,,0,,5,,1,1,2,1,1,1
163,Relationship between the fear of COVID-19 disease and sleep quality: the mediating role of stress.,2,2,1,1,Bangladesh,5,South Asia,6,1,,5,1,,2,2,,521,0,,1,"1,3,6",,1,,0,,1,,1,1,1,1,1,2
164,Psychological impact of 2019 novel coronavirus (2019-nCoV) outbreak in health workers in China.,1,1,1,1,China,9,China,1,1,1,5,7,,1,2,,442,0,,1,6,,1,,3,,1,,1,1,1,2,2,2
165,The COVID-19 Stress Perceived on Social Distance and Gender-Based Implications,3,1,1,3,Italy,22,Europe and Central Asia,3,1,2,5,8,1,,1,,86,0,,1,"4,6",,1,,0,,1,,1,1,2,1,1,2
166,Psychosomatic Symptoms and Neuroticism following COVID-19: The Role of Online Aggression toward a Stigmatized Group.,2,2,1,1,Multi-region (U.S/China),,Mixed regions,7,1,1,6,1,1,,1,,2655,0,,1,4,,5,,0,,5,"Neuroticism, anxiety",1,1,2,1,1,2
167,"Depressive symptoms, mental wellbeing, and substance use among adolescents before and during the COVID-19 pandemic in Iceland: a longitudinal, population-based study.",2,1,2,2,Iceland,19,Europe and Central Asia,3,1,1,5,1,,1,2,,59701,0,,1,"4,6",3,0,,1,,1,Substance use,1,1,1,1,1,2
168,Sex Differences between Medical Students in the Assessment of the Fear of COVID-19.,3,2,1,1,USA,53,North America,4,1,1,5,9,,1,2,,375,0,,1,3,,1,,0,,1,,1,1,2,2,1,2
169,Gender Differences in Anxiety Among COVID-19 Inpatients Under Isolation: A Questionnaire Survey During the First and Second Waves of the COVID-19 Pandemic in Japan.,2,1,1,3,Japan,23,East Asia and Pacific,2,1,1,5,8,2,,1,,121,0,,1,"3,6",,1,,0,,1,,1,1,2,1,1,2
170,Men and Women as Differential Social Barometers: Gender Effects of Perceived Friend Support on the Neuroticism-Loneliness-Well-Being Relationship in a Younger Adult Population,2,2,1,1,UK,52,Europe and Central Asia,3,1,1,6,9,,1,2,2,565,0,,1,9,,1,,0,,1,,1,1,2,1,1,2
171,Changes in mental health and help-seeking among young Australian adults during the COVID-19 pandemic: a prospective cohort study.,2,1,2,2,Australia,2,East Asia and Pacific,2,1,1,3,2,,1,2,,443,0,,1,"3,4",,0,,3,,3,,1,1,2,1,1,2
172,The role of psychosocial factors in explaining sex differences in major depression and generalized anxiety during the COVID-19 pandemic,3,1,3,1,UK,52,Europe and Central Asia,3,1,1,6,1,,2,2,,1032,0,,1,"1,3,4",,1,,3,,1,,1,1,1,1,1,1
173,Slovak parents' mental health and socioeconomic changes during the COVID-19 pandemic,3,1,2,2,Slovakia,41,Europe and Central Asia,3,1,5,6,1,2,,1,,363,1,37,1,"3,4,6",,0,,5,,5,,1,1,1,1,1,1
174,Gender differences in the mental health impact of the COVID-19 lockdown: Longitudinal evidence from the Netherlands.,2,1,2,2,the Netherlands,48,Europe and Central Asia,3,1,1,4,9,1,,1,,72098,0,,1,,2,0,,1,,1,,1,1,2,2,2,1
175,"Patterns of Internet Use, and Associations with Loneliness, amongst Middle-Aged and Older Adults during the COVID-19 Pandemic",3,1,2,1,UK,52,Europe and Central Asia,3,1,1,4,9,,1,2,,3500,0,,1,,2,0,,1,,1,,1,1,1,1,1,1
176,Gender differences in psychosocial status of adolescents during COVID-19: a six-country cross-sectional survey in Asia Pacific.,2,1,2,1,"Multi-region (Asia-Pacific: Bangladesh, Cambodia, India, Indonesia, Laos, Mongolia, Myanmar, Nepal, Philippines, Sri Lanka, Thailand, Timor-Leste & Vietname)",,Mixed regions,7,1,1,2,9,,1,2,,12232,1,68,1,,2,0,,1,,1,,1,1,1,1,2,1
177,The impacts of COVID-19 on LGBTQ+ foster youth alumni,3,2,2,1,USA,53,North America,4,1,1,5,9,,1,2,,1223,0,,1,,2,0,,2,"Females worse outcomes than males, LGBTQ+ worse outcomes than cis/hetero",2,,1,1,2,1,2,2
178,Gender Differences in Anger Among Hospital Medical Staff Exposed to Patients with COVID-19.,2,1,1,1,Germany,14,Europe and Central Asia,3,1,1,6,7,,1,2,,78,0,,1,3,,1,,0,,1,,1,1,1,2,1,1
179,Mental Health Disparities Among Sexual and Gender Minority Frontline Health Care Workers During the Height of the COVID-19 Pandemic,3,1,2,1,USA,53,North America,4,1,1,6,7,4,4,3,,741,0,,1,"3,4,7,6",,0,,4,,4,psychological distress,1,1,2,1,1,1
180,"Gender Differences in the Associations Between Physical Activity, Smartphone Use, and Weight Stigma.",3,1,1,1,China,9,China,1,1,2,3,3,,1,2,,3135,0,,1,"7,10",,5,,0,,5,weight stigma,1,1,2,1,1,2
181,A mental health informatics study on the mediating effect of the regulatory emotional self-efficacy.,2,2,1,1,China,9,China,1,1,,3,3,,,,,2233,0,,1,"2,3,4,6,10",,2,"Males: mood, anxiety. Females: distress. ",0,,2,"anger, depression",1,1,3,2,2,2
183,COVID-19-related stressors and depression in Chinese adolescents: The effects of life history strategies and gender,3,1,2,2,China,9,China,1,1,1,2,2,2,,1,,1123,1,42,1,4,,0,,3,,3,,1,1,1,1,1,1
184,"Gender differences in couples' division of childcare, work and mental health during COVID-19.",2,2,2,1,USA,53,North America,4,1,1,5,9,2,,1,,26052,0,,1,"3,6",,0,,1,,1,,1,1,1,1,1,1
185,Gender differences in the experience of burnout and its correlates among Chinese psychiatric nurses during the COVID-19 pandemic: A large-sample nationwide survey,2,1,3,1,China,9,China,1,1,2,6,7,,1,2,,8971,0,,1,"4,6",,5,,5,,5,"stress, emotional exhaustion",1,1,1,1,1,1
187,"Do post-COVID-19 symptoms exist? A longitudinal study of COVID-19 sequelae in Wenzhou, China.",2,1,1,2,China,9,China,1,1,1,5,8,,2,2,,73,0,,1,"3,6",,1,,0,,1,,1,1,3,1,1,2
188,"Gender-Specific Related Factors for Suicidal Ideation During COVID-19 Pandemic Lockdown Among 5,175 Chinese Adolescents.",3,1,2,1,China,9,China,1,1,1,5,1,,2,2,,5175,1,74,1,,2,1,,0,,1,,1,1,1,1,1,2
189,Leisure and Problem Gaming Behaviors Among Children and Adolescents During School Closures Caused by COVID-19 in Hong Kong: Quantitative Cross-sectional Survey Study,2,2,3,1,Hong Kong,17,East Asia and Pacific,2,1,1,5,2,,2,2,,2863,0,,1,"3,4,7",3,2,Males: gaming addiction. Females: loneliness,5,,5,,1,1,1,1,1,1
190,The Spread of COVID-19 in Russia: Immediate Impact on Mental Health of University Students.,2,1,1,1,Russia,38,Europe and Central Asia,3,1,1,3,3,1,,1,,3057,0,,1,"4,6",,1,,0,,1,,1,1,2,2,1,2
191,Psychological states of Bangladeshi people four months after the COVID-19 pandemic: An online survey.,1,2,1,1,Bangladesh,5,South Asia,6,1,1,6,1,,5,2,,1146,1,29,1,4,,3,,0,,3,,1,2,2,1,1,2
192,"Gender Differences in Mental Health, Quality of Life, and Caregiver Burden among Informal Caregivers during the Second Wave of the COVID-19 Pandemic in Germany: A Representative, Population-Based Study.",3,1,3,1,Germany,14,Europe and Central Asia,3,1,2,6,7,,1,2,,489,0,,1,"3,4",,1,,2,"Females: anxiety, quality of life. Males: depression",1,,1,1,3,1,1,1
194,The Impact of Reduced Working Hours and Furlough Policies on Workers' Mental Health at the Onset of COVID-19 Pandemic: A Longitudinal Study.,5,2,3,2,UK,52,Europe and Central Asia,3,1,1,5,1,1,,1,,4908,0,,1,6,,1,,1,,1,,1,1,3,1,1,1
197,"Gender Diversity, Disability, and Well-Being: Impact of Delayed and Foregone Care Because of COVID-19.",5,2,2,1,USA,53,North America,4,1,2,,9,4,,1,,1638,0,,1,,2,0,,4,,4,,1,2,3,2,3,2
198,Assessing Gender Differences on the Impact of COVID-19 on the Medical and Social Needs of Dementia Caregivers.,5,1,1,1,USA,53,North America,4,1,2,,7,1,,1,,267,0,,1,6,,4,,0,,4,,1,1,3,1,1,2
204,Associations with LGBTQ+ mental health disparities during the COVID-19 pandemic.,4,1,1,1,USA,53,North America,4,1,1,,9,4,,1,2,893,0,,1,"4,6,7",,4,,0,,4,,1,1,3,1,1,2
205,"Associations over the COVID-19 pandemic period and the mental health and substance use of youth not in employment, education or training in Ontario, Canada: a longitudinal, cohort study.",4,1,2,2,Canada,7,North America,4,1,5,5,9,4,,1,,618,1,33,1,"6,5",,0,,4,,4,,1,1,2,1,1,2
207,"Intimate partner violence in the shadow of COVID‐19 and its associations with stress, function and support among the Israeli general population.",4,1,3,1,Israel,21,Middle East and North Africa,5,1,2,6,1,2,,1,,333,0,,1,6,,1,,1,,1,,1,1,1,1,1,2
208,"Gender differences in the relationships between meaning in life, mental health status and digital media use during Covid-19.",4,1,1,1,Hong Kong,17,East Asia and Pacific,2,1,2,6,1,,2,2,,1488,0,,1,"3,4,6",,1,,0,,1,"depression, stress",1,1,1,1,1,2
209,Moral distress during COVID-19: The importance of perceived organizational support for hospital nurses.,4,1,3,1,USA,53,North America,4,1,2,6,7,,1,2,,248,0,,1,6,,3,,1,,1,,1,1,3,2,1,2
210,LGBTQ Identity-Related Victimization During COVID-19 Is Associated with Moderate to Severe Psychological Distress Among Young Adults.,3,2,3,1,USA,53,North America,4,1,1,3,3,4,4,3,,565,0,,1,"4,6",,,,4,,4,,1,1,3,2,2,2
215,"Telework, working conditions, health and wellbeing during the Covid crisis: A gendered analysis.",5,2,1,1,France,13,Europe and Central Asia,3,1,2,6,6,1,,1,,12846,0,,1,6,,1,,0,,1,"depression, anxiety, sleep",1,1,2,1,1,1
221,A global study of the wellbeing of adolescent students during the covid-19 2020 lockdown,5,2,1,1,Multi-region (14 countries),,Mixed regions,7,1,1,2,1,1,,1,,8345,0,,1,6,,1,,0,,1,,1,1,2,1,1,1
222,Prevalence and factors associated with mental illness symptoms among school students post lockdown of the COVID-19 pandemic in the United Arab Emirates: A cross-sectional national study,5,2,1,1,UAE,51,Middle East and North Africa,5,3,2,5,2,,2,2,,3745,0,,1,"3,4,6",,1,,0,,1,,1,1,1,1,1,2
223,Psychological factors associated with functional tic-like behaviours during the covid-19 pandemic,5,1,1,1,Canada,7,North America,4,1,5,2,9,4,1,3,,82,0,,1,"3,6,2",,3,,0,,3,,1,1,1,1,1,1
225,"Spirituality, intolerance and fear of covid-19: Psychological distress among older adults in pakistan",5,2,1,1,Bangladesh,5,South Asia,6,1,1,6,1,,2,2,,150,0,,1,4,,5,,0,,5,,1,1,1,1,1,2
226,Inequality on the frontline: A multi-country study on gender differences in mental health among healthcare workers during the COVID-19 pandemic,5,1,2,1,"Multi-region (22 Countries in South America, Europe, Asia and Africa)",,Mixed regions,7,1,5,6,7,1,,1,,32410,0,,1,"4,6",,0,,1,,1,,1,1,2,1,1,1
227,Clarifying the links between perceived stress and depressiveness: A longitudinal study of covid-19’s effects on adolescents in germany,5,2,2,1,Germany,14,Europe and Central Asia,3,1,5,2,1,,1,2,,673,0,,1,"4,6",,1,,0,,1,,1,1,2,1,1,1
228,Discrimination and psychological distress among Asian Americans during COVID-19: Gender differences in the moderating role of social support,5,1,1,1,USA,53,North America,4,1,2,6,1,2,,1,2,3508,0,,1,"4,3",,1,,0,,1,,1,1,1,1,1,1
229,Differences in mental health problems in lgbt+ first year college students in chile during the pandemic,5,2,2,1,Chile,8,Latin American and Caribbean,4,1,5,3,3,4,4,3,,7213,0,,1,7,,0,,5,,5,"bi-polar, substance use",1,1,2,1,1,2
230,"The relations between COVID-19 stress, social connectedness, and mental health: a longitudinal investigation comparing Chinese and American college students",5,1,1,4,Multi-region (USA/China),,Mixed regions,7,1,1,3,3,,1,2,,120,0,,1,"3,4,6",,1,,0,,1,,1,1,2,1,1,2
231,Stressful life events and depressive symptoms during COVID‐19: A gender comparison,5,2,1,1,USA,53,North America,4,1,2,6,1,2,,1,,1733,0,,1,4,,1,,0,,1,,1,1,1,1,1,2
232,Sex differences in adolescent depression trajectory before and into the second year of covid-19 pandemic,4,1,2,4,Japan,23,East Asia and Pacific,2,1,5,2,9,2,,1,,2034,0,,1,5,,0,,5,,5,,1,1,1,1,1,2
233,"Networks of pandemic-specific stressors, risk factors, and clinical symptoms: A comparison between women and men during the early phase of the COVID-19 pandemic",4,1,1,1,Germany,14,Europe and Central Asia,3,1,1,6,9,2,,1,2,1584,0,,1,"4,6,5",,1,,0,,1,,1,1,1,1,1,1
235,Assessment of gaming addiction and perceived psychological distress among Filipino young adults during COVID-19 pandemic,4,2,1,1,Philippines,33,East Asia and Pacific,2,1,3,3,1,,5,2,,399,0,,1,7,,4,,0,,4,,1,1,2,1,1,2
237,"Stressful events, psychological distress and well-being during the second wave of covid-19 pandemic in spain: A gender analysis",3,1,1,1,Spain,44,Europe and Central Asia,3,1,1,5,1,2,,1,,1758,0,,1,"6,5",3,2,"Females: psychological distress, negative feelings, thriving, self-esteem, number of stressful events. Males: emotional support. ",0,,2,"wellbeing, life satisfaction, possitive affect",1,1,1,1,1,2
239,Pre- and peri-traumatic event stressors drive gender differences in chronic stress-related psychological sequelae: A prospective cohort study of COVID-19 frontline healthcare providers,4,1,1,1,USA,53,North America,4,1,1,5,7,1,,1,,786,0,,1,"3,4,6",,1,,0,,1,,1,1,2,1,1,2
242,Dramatic increase of suicidality in children and adolescents after COVID-19 pandemic start: A two-year longitudinal study,4,1,2,2,Spain,44,Europe and Central Asia,3,1,5,2,8,1,,1,,138,0,,3,7,,0,,1,,1,,1,1,1,1,1,2
244,Gender disparities in remote teaching readiness and mental health problems among university faculty during the COVID-19 pandemic,4,1,1,1,USA,53,North America,4,1,1,,3,5,,1,1,760,0,,1,,2,1,,0,,1,,1,1,1,1,1,2
246,The precariat and the pandemic: Assessing the well‐being of metro Orlando's hospitality workers during the COVID‐19 pandemic,4,2,1,1,USA,53,North America,4,1,1,5,7,4,,1,2,454,0,,1,,2,1,,0,,1,depression,1,1,2,1,1,2
247,"Adolescent anxiety, depression and flourishing before and during covid-19 and the predictive role of baseline psychological capital (psycap) on student mental health and subjective wellbeing during the pandemic",4,1,1,2,Australia,2,East Asia and Pacific,2,1,1,2,2,,2,2,,56,0,,1,"3,4,5",,1,,0,,1,,1,1,1,2,1,2
248,Psychological distress of high school graduates during social distancing in Croatia,3,1,1,1,Croatia,10,Europe and Central Asia,3,1,1,3,2,,1,2,,13037,0,,1,6,,1,,0,,1,,1,1,2,1,1,2
252,The psychological impact of COVID-19 on university students in China and Africa,3,2,1,1,Multi-region (China/Africa),,Mixed regions,7,1,,5,3,,1,2,,636,0,,1,"3,4",,3,,0,,3,,1,1,1,1,2,2
255,Boys do cry: Age and gender differences in psycho-physiological distress during the covid-19 pandemic in italy,3,1,2,1,Italy,22,Europe and Central Asia,3,1,5,6,1,,,,,17060,0,,1,,2,0,,1,,1,,1,1,3,1,2,2
259,"Gender differences in depression, anxiety, stress and sleep disturbances among doctors combating COVID-19",3,1,1,1,India,20,South Asia,6,1,1,,7,,1,2,,143,1,1,1,"1,4",,1,,0,,1,"anxiety, sleep",1,1,3,1,1,2
261,Gender Differences in Coping and Psychological Adaptation during the COVID-19 Pandemic,4,2,1,1,USA,53,North America,4,1,1,6,1,,1,2,2,1673,0,,1,"5,6",,2,Women: anxiety. Men: substance use.,0,,2,,1,1,2,1,1,2
262,"Social distancing stress, anxiety/depression, COVID-19 diagnosis, gender identity, and immigration status",5,1,1,1,USA,53,North America,4,1,5,6,1,4,,1,,4759,0,,1,,2,3,,0,,3,,1,1,2,1,1,2
263,Perceived stress of adolescents during the COVID-19 lockdown: Bayesian multilevel modeling of the Czech HBSC lockdown survey,3,1,1,1,Czech,11,Europe and Central Asia,3,1,1,2,2,2,,1,,3440,0,,1,"3,6",3,,,0,,,,1,1,1,1,2,2
264,The COVID-19 pandemic and mental health in Kazakhstan,4,1,2,1,Kazakhstan,25,Europe and Central Asia,3,1,2,6,1,,2,2,,991,1,40,1,4,,0,,1,,1,,1,1,1,1,1,1
266,Gender Inequalities in Mental Health During the COVID-19 Pandemic: A Population-based Study in Korea,4,1,2,1,Korea,26,East Asia and Pacific,2,1,5,6,1,2,,1,,319592,0,,1,,2,0,,1,,1,,1,1,1,1,1,2
267,Insomnia and related factors in patients with pre-existing psychiatric disorders compared to the general population during the COVID-19 lockdown: Findings from the multicentric COMET study,3,1,2,1,Italy,22,Europe and Central Asia,3,1,1,6,1,,1,2,,20720,0,,1,"1,3,4,6,7",,0,,1,,1,,1,1,2,1,1,2
269,Impact of the COVID-19 pandemic on the psychological well-being of adolescents by gender identity,4,1,1,1,Spain,44,Europe and Central Asia,3,1,2,2,2,1,,1,2,1104,0,,1,5,3,1,,0,,1,"worry, substance use",1,1,2,1,1,2
271,Impact of the COVID-19 Pandemic on Gender Differences in Depression Based on National Representative Data,4,1,2,1,Korea,26,East Asia and Pacific,2,1,1,6,9,1,,1,,17533,1,97,1,4,,0,,5,,5,,1,1,2,1,1,2
272,The relationship between coping and distress among faculty members and students during COVID-19 pandemic lockdown: The moderating effect of gender,4,1,1,1,UAE,51,Middle East and North Africa,5,3,1,5,3,,1,2,,649,0,,1,"5,6",,1,,0,,1,,1,1,2,1,1,2
273,"'Women in the front': Psychological impact of the COVID-19 pandemic: Depression, anxiety, loneliness, and somatization in the Israel population.",4,1,1,1,Israel,21,Middle East and North Africa,5,1,1,5,1,,1,2,,587,0,,1,4,,1,,0,,1,,1,1,2,1,1,1
274,Impact of COVID-19 pandemic on stress and coping strategies among medical students: A cross-sectional study,4,2,1,1,Saudi Arabia,39,Middle East and North Africa,5,3,2,6,3,,5,2,,453,1,5,1,6,,1,,0,,1,,1,1,1,1,1,2
275,A Study of Anxiety Symptoms in Children and Adolescents during the COVID-19 Pandemic in Qatar,4,1,1,1,Qatar,36,Middle East and North Africa,5,1,2,3,6,,5,2,,199,0,,2,"3,4",,1,,0,,1,,1,1,1,1,1,2
276,Trajectories of quality of life and mental health during the Covid-19 lockdown and six months after in Italy. A longitudinal exploration,5,1,2,1,Italy,22,Europe and Central Asia,3,1,2,5,1,,1,2,,444,0,,1,"3,4,5",,0,,3,,3,,1,1,2,1,1,2
278,Gender Differences of University Students in the Online Teaching Quality and Psychological Profile during the COVID-19 Pandemic,3,2,1,1,"Multi-region (Ibero-America: Argentina, bolivia, Chile, Columbia, Costa Rica)",,Latin American and Caribbean,4,1,5,6,3,,1,2,,1093,0,,1,"3,9,6",3,1,,0,,1,,1,1,2,1,1,2
280,Effects of the COVID-19 pandemic on the mental health of medical students and young physicians in Germany: Gender-specific results of an online survey,5,2,1,1,Germany,14,Europe and Central Asia,2,1,5,6,3,,1,2,,668,0,,1,"3,4,6",,1,,0,,1,,1,1,2,1,1,2
281,Coping Patterns During the COVID-19 Pandemic by Sexual and Gender Identity,4,2,3,1,USA,53,North America,4,1,5,6,1,4,4,3,,3638,0,,1,,2,4,,4,,4,Coping,1,1,1,1,1,1
283,Self-Reported Anxiety in Spain: A Gendered Approach One Year After the Start of COVID-19 Pandemic,3,1,3,1,Spain,44,Europe and Central Asia,3,1,2,6,1,1,,1,,2053,0,,1,3,,1,,3,,1,,1,1,2,1,1,2
284,"Intra- and Inter-Individual Associations of Family-to-Work Conflict, Psychological Distress, and Job Satisfaction: Gender Differences in Dual-Earner Parents during the COVID-19 Pandemic",5,1,1,1,Chile,8,Latin American and Caribbean,4,1,1,6,6,2,,1,,860,1,30,1,4,,1,,0,,1,,1,1,1,1,1,2
287,"The impact of COVID-19 lockdown on sleep patterns, emotions, and behaviors of children and adolescents in Taiwan",3,1,1,2,Taiwan,47,East Asia and Pacific,2,1,5,3,8,,5,2,,217,0,,1,"1,5",,3,,0,,3,,1,1,3,1,1,2
288,"Forced social isolation and lockdown during the COVID-19 pandemic: depression, anxiety, trauma-distress and coping mechanisms of a Greek sample",5,1,3,1,Greece,16,Europe and Central Asia,3,1,2,6,1,,1,2,,650,0,,1,"3,4,6",,1,,1,,1,,1,1,2,1,1,2
291,Examining the impact of sex differences and the COVID-19 pandemic on health and health care: findings from a national cross-sectional study,3,1,2,1,USA,53,North America,4,1,1,5,1,,1,2,,3865,0,,1,,2,0,,1,,1,,1,1,2,1,2,2
292,Perceived household financial decline and physical/mental health among adolescents during the COVID-19 crisis: Focusing on gender differences,4,1,3,1,Korea,26,East Asia and Pacific,2,1,1,2,9,,2,2,,54809,0,,1,,2,1,,1,,1,,1,1,1,1,1,2
293,Gender differences in depressive symptoms of first-year university students during the COVID-19 pandemic Results from the COVID-19 German Student Well-being Study (C19 GSWS),5,1,2,1,Germany,14,Europe and Central Asia,3,1,2,3,3,,1,2,,6996,0,,1,"3,4",,0,,2,Females: depression. 'Diverse': anxiety.,2,,1,1,2,1,1,1
294,Depression and anxiety in the context of the COVID-19 pandemic: A 6-waves longitudinal study in the Argentine population,5,1,1,2,Argentina,1,Latin American and Caribbean,4,1,5,5,1,,1,2,1,988,0,,1,"3,4",,1,,0,,1,,1,1,2,1,1,2
296,Impacts of the COVID-19 pandemic on subjective wellbeing in the Middle East and North Africa: A gender analysis,4,2,2,2,"Multi-region (Egypt, Jordan, Morocco, Sudan, Tunisia)",,Middle East and North Africa,5,1,5,,1,5,,1,,20256,1,32,1,6,,0,,1,,1,,1,1,2,1,1,1
299,"Equity Analysis of Repeated Cross-Sectional Survey Data on Mental Health Outcomes in Saskatchewan, Canada during COVID-19 Pandemic",3,2,2,2,Canada,7,North America,4,1,5,5,9,2,,1,,1734,0,,1,,2,0,,1,,1,Depression,1,1,1,1,2,1
300,Impact of COVID-19 on mental health in the Middle East: A cross- sectional study,4,1,2,1,Multi-region (Middle East 6 countries),,Mixed regions,7,1,3,3,1,,1,2,,1281,0,,1,,2,0,,5,,5,,1,1,2,1,1,1
301,Effects of the COVID-19 pandemic on mental health and sleep quality in the Chinese general populations during sporadic and outbreak periods,4,1,3,1,China,9,China,1,1,3,6,8,,1,2,,2174,0,,1,"1,3,4,6,5",,3,,1,,1,,1,1,2,1,1,2
302,School and class closures and adolescent mental health during the second and later waves of the COVID-19 pandemic in Finland: a repeated cross-sectional study,4,1,2,1,Finland,12,Europe and Central Asia,3,1,2,2,2,4,,1,,28501,0,,1,3,,0,,2,,2,,1,1,2,1,1,2
303,Effect of the COVID-19 Pandemic on the Psychological Health of Patients Who Underwent Liver Transplantation Due to Hepatocellular Carcinoma,4,1,2,3,Turkey,50,Europe and Central Asia,3,1,5,5,8,,5,2,,504,0,,1,"3,4",,0,,1,,1,,1,1,3,1,1,2
306,Gender differences in entrepreneurs' work-family conflict and well-being during COVID-19: Moderating effects of gender-egalitarian contexts,4,2,2,1,Multi-region (27 EU countries),,Europe and Central Asia,3,1,1,5,6,1,,1,,5754,0,,1,5,,0,,1,,1,,1,1,3,1,1,1
311,Depression and anxiety among nurses during the COVID-19 pandemic: Longitudinal results over 2 years from the multicentre VOICE-EgePan study,5,1,2,1,Germany,14,Europe and Central Asia,3,1,5,5,7,,1,2,,507,0,,1,"3,4",,0,,3,,3,,1,1,1,1,1,2
314,Loneliness and depressive symptoms differ by sexual orientation and gender identity during physical distancing measures in response to COVID-19 pandemic in Germany,4,1,2,1,Germany,14,Europe and Central Asia,3,1,5,5,1,2,4,3,,6748,0,,1,"4,9",,0,,4,,4,,1,1,1,1,1,2
315,Sex differences in changes of depressive symptoms among older adults before and during the COVID-19 pandemic: evidence from two longitudinal cohorts,4,1,1,2,UK,52,Europe and Central Asia,3,1,5,4,9,1,,1,,14835,0,,1,4,,1,,0,,1,,1,1,1,1,1,2
316,"Socioeconomic inequality, health inequity and well-being of transgender people during the COVID-19 pandemic in Nigeria",4,1,3,1,Nigeria,30,Sub-Saharan Africa,5,1,2,5,8,4,,1,,3072,1,38,1,4,,4,,4,,4,,1,1,3,1,1,1
317,Assessment of the Long-Term Mental Health Effects on Austrian Students after COVID-19 Restrictions,3,2,1,1,Austria,3,Europe and Central Asia,3,1,5,5,3,1,,1,1,616,0,,1,"3,4,6,5",,1,,0,,1,,1,1,2,1,2,2
318,POSITIVE PSYCHOLOGICAL CHARACTERISTICS AND MENTAL HEALTH IN SKATERS DURING COVID-19 CONFINEMENT,4,1,1,5,Spain,44,Europe and Central Asia,3,1,2,3,5,2,,1,,71,0,,1,"5,6",,1,,0,,1,,1,1,3,1,1,2
320,Longitudinal Associations Between COVID-19 Stress and Mental Health Symptoms Among University Faculty and Staff in Canada,5,1,1,1,Canada,7,North America,4,1,2,6,3,4,,1,,365,0,,1,"3,4,6",,1,,0,,1,"Anxiety, depression",1,1,3,1,1,2
321,The level of education is associated with an anxiety-depressive state among men and women - findings from France during the first quarter of the COVID-19 pandemic,4,1,1,1,France,13,Europe and Central Asia,3,1,1,5,1,2,,1,,32581,1,21,1,4,,1,,0,,1,,1,1,1,1,1,1
324,Temporal trends in calls for suicide attempts to poison control centers in France during the COVID-19 pandemic: a nationwide study,3,1,1,1,France,13,Europe and Central Asia,3,1,5,1,8,1,,1,,844902,0,,3,7,,1,,0,,1,,1,1,1,1,1,2
326,Factors associated with changing alcohol consumption during the first UK lockdown,3,1,1,1,UK,52,Europe and Central Asia,3,1,1,5,1,,1,2,,1268,1,22,1,,2,3,,0,,3,,1,1,2,1,1,2
327,"The Effects and Differences of Social Support, Depression, and Vital Exhaustion during the COVID-19 Pandemic among International and Domestic University Students",4,2,1,1,Hungary,18,Europe and Central Asia,3,1,5,,3,,1,2,,1271,0,,1,4,,1,,0,,1,,1,1,2,2,1,2
328,COVID-19 pandemic stressors are associated with reported increases in frequency of drunkenness among individuals with a history of alcohol use disorder,4,1,1,1,USA,53,North America,4,1,1,6,9,,1,2,,1651,0,,1,,2,1,,0,,1,,1,1,2,1,1,2
329,Long-Term Consequences of COVID-19 Disease Specific to Women: Exploratory Research,4,2,1,5,Poland,34,Europe and Central Asia,3,1,,5,8,1,,1,,147,0,,1,"3,4,6,5",,1,,0,,1,,1,1,1,1,1,2
332,Effects of Gender and Social Network Use on High School Students' Emotional Well-Being during COVID-19,5,1,1,1,Croatia,10,Europe and Central Asia,3,1,5,5,2,2,,1,,825,0,,1,4,,1,,0,,1,,1,1,1,1,1,2
334,"Relationships between diversity demographics, psychological distress, and suicidal thinking in the veterinary profession: a nationwide cross-sectional study during COVID-19",4,2,2,1,USA,53,North America,4,1,2,5,6,4,4,3,,2208,0,,1,6,3,2,Bi+ worse mental health. Gay/Lesbian worse considering suicide. Bi+ worse planning suicide.,4,,4,,1,1,3,2,1,1
336,Mental health in Ireland during the Covid pandemic: Evidence from two longitudinal surveys,5,2,1,2,UK,52,Europe and Central Asia,3,1,1,3,9,1,,1,,1953,0,,1,4,,1,,0,,1,,1,1,2,1,1,2
339,"The effects of body dissatisfaction, sleep duration, and exercise habits on the mental health of university students in southern China during COVID-19",4,2,2,1,China,9,China,1,1,2,3,3,2,,1,,1258,0,,1,4,,1,,0,,1,,1,1,1,1,1,2
340,"Impact of quarantine on sleep quality and psychological status in COVID-19 suspected cases in Riyadh, Saudi Arabia",4,2,3,1,Saudi Arabia,39,Middle East and North Africa,5,3,1,5,1,1,,1,,362,0,,1,"1,4",,5,,5,,5,Stress,1,1,1,1,1,2
341,Gender differences in the prevalence and impact factors of adolescent dissociative symptoms during the coronavirus disease 2019 pandemic,3,2,1,1,China,9,China,1,1,5,2,2,2,,1,,1916,0,,1,2,,5,,0,,5,,1,1,1,1,1,2
342,COVID anxiety and its predictors among Slovak adolescents,3,1,3,1,Slovakia,41,Europe and Central Asia,3,1,2,2,2,1,,1,,1786,0,,1,3,,1,,1,,1,,1,1,2,1,1,2
345,Experience and perpetration of intimate partner violence and abuse by gender of respondent and their current partner before and during COVID-19 restrictions in 2020: a cross-sectional study in 13 countries,4,1,1,1,Multi-region (13 countries),,Mixed regions,7,1,1,5,9,2,4,3,,35854,0,,1,7,,2,non-binary/partners: psychological distress. Gay men: alcohol consumption,0,,2,,1,1,3,1,1,2
346,"Prevalence and factors associated with probable depression among the oldest old during the Covid-19 pandemic: evidence from the large, nationally representative 'Old Age in Germany (D80+)' study",5,1,2,1,Germany,14,Europe and Central Asia,3,1,5,4,9,1,,1,,8386,0,,1,4,,0,,1,,1,,1,1,2,1,1,2
347,Sleep duration change among adolescents in Canada: Examining the impact of COVID-19 in worsening inequity,4,1,2,2,Canada,7,North America,4,1,5,2,2,,1,2,2,7299,1,31,1,,2,0,,5,,5,,1,1,1,1,1,1
348,Changes in Alcohol Consumption among Different Population Groups during the SARS-CoV-2 Pandemic: Outcomes of the Slovenian Cross-Sectional National Survey (SI-PANDA),3,2,1,1,Slovenia,42,Europe and Central Asia,3,1,2,5,1,,,,,3574,0,,1,,2,1,,0,,1,,1,1,3,1,2,2
349,Anger and Aggression in Relation to Psychological Resilience and Alcohol Abuse among Health Professionals during the First Pandemic Wave,4,1,1,1,Greece,16,Europe and Central Asia,3,1,1,6,7,1,,1,,243,0,,1,"2,7,6",,2,"Women: anger, hostility. Men: aggression.",0,,2,"resilience, alcohol abuse",1,1,1,1,1,2
350,Swedish High School Students' Drug and Alcohol Use Habits throughout 2020,3,2,1,1,Sweden ,45,Europe and Central Asia,3,1,5,2,2,,1,2,1,1590,0,,1,7,,5,,0,,5,drinking,1,1,2,1,1,2
351,Risk and Preventive Factors for Depressive Symptoms Among Older Chilean Adults During the SARS-CoV-2 Outbreak: A Longitudinal Study,5,1,2,1,Chile,8,Latin American and Caribbean,4,1,5,4,1,1,,1,,424,1,60,1,4,,0,,1,,1,,1,1,2,1,1,2
